meal_id,meal_name,timestamp,meal_type,carbs_g,fiber_g,net_carbs_g,protein_g,fat_g,glycemic_index,glycemic_load,pre_meal_glucose,sleep_hours,stress_level,post_meal_walk_min,meal_time_hour,peak_glucose,time_to_peak_min,spike_category,clearance_time_min
ML-0001,Chicken Quinoa Bowl with Spinach,2026-08-05 23:07,Lunch,48.0,9.1,38.9,41.1,16.0,45,21.6,90.2,5.5,1,20,7,98.2,54,Normal,72
ML-0002,Bag of Potato Chips & Soda,2026-08-06 05:16,Snack,71.0,1.2,69.8,3.5,17.7,85,60.4,93.9,5.5,2,10,13,175.6,36,Severe Spike,136
ML-0003,Turkey & Cheddar Sub Sandwich,2026-08-06 12:39,Lunch,63.6,3.3,60.3,30.7,19.8,68,43.2,99.0,6.0,4,15,20,151.0,46,Severe Spike,110
ML-0004,Two Slices Pepperoni Pizza,2026-08-07 00:50,Dinner,70.0,2.9,67.1,23.3,29.2,70,49.0,100.0,6.0,1,10,8,154.4,55,Severe Spike,106
ML-0005,Bagel with Cream Cheese,2026-08-07 04:58,Breakfast,63.5,1.9,61.6,10.3,13.1,72,45.7,94.8,7.0,2,0,13,161.8,43,Severe Spike,138
ML-0006,Grass-fed Ribeye Steak with Roasted Broccoli,2026-08-07 11:15,Dinner,8.5,5.3,3.2,50.8,33.9,20,1.7,99.8,6.5,5,10,19,107.8,59,Normal,66
ML-0007,Grilled Salmon with Asparagus & Sweet Potato,2026-08-07 23:17,Dinner,39.8,7.5,32.3,52.3,22.4,45,17.9,93.3,5.0,4,15,7,103.7,55,Normal,78
ML-0008,Protein Whey Shake with Almond Milk,2026-08-08 05:31,Breakfast,6.7,3.3,3.4,33.3,5.6,20,1.3,91.7,6.0,3,15,13,99.7,39,Normal,75
ML-0009,Eggs & Avocado on Whole Grain Toast,2026-08-08 10:27,Breakfast,21.5,7.2,14.3,16.2,18.0,40,8.6,104.8,6.5,3,10,18,112.8,39,Normal,81
ML-0010,Turkey & Cheddar Sub Sandwich,2026-08-08 23:43,Lunch,50.0,2.6,47.4,24.2,15.5,68,34.0,88.1,6.5,4,0,7,144.7,50,Severe Spike,122
ML-0011,Greek Yogurt with Chia Seeds & Walnuts,2026-08-09 04:24,Breakfast,15.3,6.5,8.8,24.0,19.6,25,3.8,102.9,6.5,2,0,12,110.9,47,Normal,80
ML-0012,Apple Slices with Peanut Butter,2026-08-09 11:03,Snack,25.5,5.9,19.6,7.8,15.7,38,9.7,95.7,7.5,2,10,19,103.7,45,Normal,70
ML-0013,Mediterranean Caesar Salad with Grilled Chicken,2026-08-10 00:29,Lunch,13.5,5.6,7.9,42.8,24.8,30,4.0,91.7,5.5,2,10,8,99.7,53,Normal,73
ML-0014,Apple Slices with Peanut Butter,2026-08-10 05:31,Snack,27.3,6.3,21.0,8.4,16.8,38,10.4,90.5,5.0,3,10,13,98.5,49,Normal,77
ML-0015,Bagel with Cream Cheese,2026-08-10 10:36,Breakfast,70.0,2.1,67.9,11.3,14.4,72,50.4,113.1,5.0,2,0,18,199.7,42,Severe Spike,164
ML-0016,Bagel with Cream Cheese,2026-08-11 00:14,Breakfast,72.4,2.1,70.3,11.7,14.9,72,52.1,91.1,5.0,3,15,8,162.9,43,Severe Spike,125
ML-0017,Handful of Almonds & Dark Chocolate 85%,2026-08-11 05:24,Snack,8.9,3.6,5.3,5.3,13.3,25,2.2,97.0,6.5,4,15,13,105.0,46,Normal,76
ML-0018,Turkey & Cheddar Sub Sandwich,2026-08-11 11:59,Lunch,64.6,3.3,61.3,31.2,20.1,68,43.9,99.6,6.5,2,0,20,162.9,41,Severe Spike,141
ML-0019,Eggs & Avocado on Whole Grain Toast,2026-08-12 01:40,Breakfast,28.5,9.5,19.0,21.4,23.8,40,11.4,96.0,7.0,4,20,9,104.0,56,Normal,75
ML-0020,Eggs & Avocado on Whole Grain Toast,2026-08-12 05:17,Breakfast,26.8,8.9,17.9,20.1,22.3,40,10.7,111.1,6.5,2,15,13,119.1,49,Normal,61
ML-0021,Apple Slices with Peanut Butter,2026-08-12 11:55,Snack,28.9,6.7,22.2,8.9,17.8,38,11.0,91.9,6.0,2,0,20,105.7,50,Normal,90
ML-0022,Spicy Thai Drunken Noodles (Pad Kee Mao),2026-08-13 01:19,Lunch,102.8,3.5,99.3,25.7,28.0,75,77.1,117.1,6.0,1,15,9,209.2,46,Severe Spike,150
ML-0023,Two Slices Pepperoni Pizza,2026-08-13 03:58,Dinner,71.9,3.0,68.9,24.0,29.9,70,50.3,101.3,8.0,4,0,12,173.9,57,Severe Spike,138
ML-0024,Eggs & Avocado on Whole Grain Toast,2026-08-13 11:17,Breakfast,24.2,8.1,16.1,18.1,20.2,40,9.7,90.0,6.0,2,0,19,99.5,53,Normal,98
ML-0025,Turkey & Cheddar Sub Sandwich,2026-08-14 01:18,Lunch,68.1,3.5,64.6,32.9,21.1,68,46.3,101.6,7.0,3,15,9,163.4,48,Severe Spike,120
ML-0026,Grass-fed Ribeye Steak with Roasted Broccoli,2026-08-14 05:26,Dinner,7.1,4.4,2.7,42.6,28.4,20,1.4,94.6,6.0,2,0,13,102.6,57,Normal,83
ML-0027,Apple Slices with Peanut Butter,2026-08-14 10:58,Snack,25.3,5.8,19.5,7.8,15.5,38,9.6,84.1,7.0,2,30,19,92.1,53,Normal,57
ML-0028,Apple Slices with Peanut Butter,2026-08-15 00:39,Snack,29.4,6.8,22.6,9.0,18.1,38,11.2,97.2,6.0,3,0,8,112.2,57,Normal,83
ML-0029,Steel Cut Oatmeal with Berries & Honey,2026-08-15 05:50,Breakfast,50.2,6.4,43.8,9.1,5.5,55,27.6,100.2,6.5,3,0,13,136.9,49,Elevated,116
ML-0030,Eggs & Avocado on Whole Grain Toast,2026-08-15 11:08,Breakfast,21.9,7.3,14.6,16.4,18.3,40,8.8,95.6,5.0,1,0,19,103.6,48,Normal,91
ML-0031,Protein Whey Shake with Almond Milk,2026-08-16 01:50,Breakfast,6.6,3.3,3.3,32.9,5.5,20,1.3,94.9,6.0,3,10,9,102.9,47,Normal,81
ML-0032,Greek Yogurt with Chia Seeds & Walnuts,2026-08-16 05:16,Breakfast,17.2,7.4,9.8,27.0,22.1,25,4.3,106.2,6.5,3,0,13,114.2,56,Normal,86
ML-0033,Sushi Bento (Spicy Tuna Roll & White Rice),2026-08-16 11:53,Lunch,93.8,2.5,91.3,24.7,14.8,78,73.2,94.6,6.0,4,0,20,207.7,40,Severe Spike,184
ML-0034,Greek Yogurt with Chia Seeds & Walnuts,2026-08-17 00:45,Breakfast,13.9,5.9,8.0,21.8,17.8,25,3.5,101.1,6.5,2,10,8,109.1,58,Normal,78
ML-0035,Greek Yogurt with Chia Seeds & Walnuts,2026-08-17 05:41,Breakfast,16.2,7.0,9.2,25.5,20.9,25,4.0,101.8,7.0,2,15,13,109.8,52,Normal,72
ML-0036,Lentil Soup with Sourdough Bread,2026-08-17 10:12,Dinner,63.8,13.0,50.8,26.0,9.4,48,30.6,102.8,6.0,1,20,18,113.0,42,Normal,63
ML-0037,Two Slices Pepperoni Pizza,2026-08-18 01:44,Dinner,77.7,3.2,74.5,25.9,32.4,70,54.4,92.3,6.0,2,15,9,161.5,57,Severe Spike,131
ML-0038,Chicken Quinoa Bowl with Spinach,2026-08-18 04:45,Lunch,44.0,8.4,35.6,37.7,14.7,45,19.8,98.5,6.0,4,0,12,121.2,50,Elevated,106
ML-0039,Pancakes with Maple Syrup & Butter,2026-08-18 12:38,Breakfast,96.1,2.3,93.8,9.0,18.1,80,76.9,94.7,5.0,5,0,20,223.8,48,Severe Spike,187
ML-0040,Chicken Quinoa Bowl with Spinach,2026-08-18 23:37,Lunch,48.4,9.2,39.2,41.4,16.1,45,21.8,93.0,7.0,3,0,7,110.9,47,Normal,91
ML-0041,Apple Slices with Peanut Butter,2026-08-19 05:00,Snack,23.3,5.4,17.9,7.2,14.4,38,8.9,106.9,6.5,5,0,13,129.2,51,Elevated,92
ML-0042,Pancakes with Maple Syrup & Butter,2026-08-19 09:58,Breakfast,99.5,2.3,97.2,9.4,18.7,80,79.6,98.3,6.0,1,20,18,195.6,44,Severe Spike,149
ML-0043,Handful of Almonds & Dark Chocolate 85%,2026-08-19 23:10,Snack,9.2,3.7,5.5,5.5,13.7,25,2.3,93.1,8.0,3,0,7,101.1,51,Normal,84
ML-0044,Turkey & Cheddar Sub Sandwich,2026-08-20 05:08,Lunch,70.0,3.6,66.4,33.8,21.7,68,47.6,113.3,6.0,1,10,13,163.2,52,Severe Spike,97
ML-0045,Protein Whey Shake with Almond Milk,2026-08-20 10:28,Breakfast,7.5,3.7,3.8,37.3,6.2,20,1.5,100.4,6.0,4,15,18,108.4,49,Normal,82
ML-0046,Bagel with Cream Cheese,2026-08-21 00:48,Breakfast,81.6,2.4,79.2,13.2,16.8,72,58.8,89.4,6.0,3,10,8,173.3,42,Severe Spike,154
ML-0047,Lentil Soup with Sourdough Bread,2026-08-21 04:25,Dinner,56.0,11.4,44.6,22.8,8.3,48,26.9,86.8,5.0,4,15,12,111.5,49,Normal,88
ML-0048,Protein Whey Shake with Almond Milk,2026-08-21 11:02,Breakfast,6.0,3.0,3.0,30.0,5.0,20,1.2,92.8,6.0,2,0,19,100.8,46,Normal,86
ML-0049,Bagel with Cream Cheese,2026-08-22 01:00,Breakfast,58.4,1.7,56.7,9.4,12.0,72,42.0,84.0,7.0,2,15,9,130.5,43,Elevated,116
ML-0050,Grass-fed Ribeye Steak with Roasted Broccoli,2026-08-22 04:07,Dinner,9.3,5.8,3.5,55.9,37.2,20,1.9,106.0,7.5,3,30,12,114.0,71,Normal,68
ML-0051,Grass-fed Ribeye Steak with Roasted Broccoli,2026-08-22 12:43,Dinner,9.7,6.1,3.6,58.2,38.8,20,1.9,99.4,7.0,2,10,20,107.4,58,Normal,74
ML-0052,Protein Whey Shake with Almond Milk,2026-08-22 23:58,Breakfast,6.3,3.1,3.2,31.4,5.2,20,1.3,105.9,5.5,1,0,8,113.9,47,Normal,75
ML-0053,Spicy Thai Drunken Noodles (Pad Kee Mao),2026-08-23 05:48,Lunch,89.3,3.0,86.3,22.3,24.4,75,67.0,98.3,8.0,3,0,13,196.8,46,Severe Spike,172
ML-0054,Turkey & Cheddar Sub Sandwich,2026-08-23 10:14,Lunch,51.4,2.7,48.7,24.8,15.9,68,35.0,97.3,5.5,2,10,18,136.4,44,Elevated,103
ML-0055,Grass-fed Ribeye Steak with Roasted Broccoli,2026-08-23 23:14,Dinner,7.1,4.4,2.7,42.4,28.2,20,1.4,97.2,7.0,3,0,7,105.2,57,Normal,72
ML-0056,Two Slices Pepperoni Pizza,2026-08-24 05:20,Dinner,71.8,3.0,68.8,23.9,29.9,70,50.3,109.5,5.0,2,15,13,169.8,53,Severe Spike,125
ML-0057,Grass-fed Ribeye Steak with Roasted Broccoli,2026-08-24 10:10,Dinner,8.2,5.1,3.1,49.4,32.9,20,1.6,86.8,6.0,2,0,18,94.8,57,Normal,77
ML-0058,Sushi Bento (Spicy Tuna Roll & White Rice),2026-08-24 23:09,Lunch,75.0,2.0,73.0,19.7,11.8,78,58.5,84.0,6.5,2,10,7,157.2,42,Severe Spike,146
ML-0059,Spicy Thai Drunken Noodles (Pad Kee Mao),2026-08-25 04:36,Lunch,79.3,2.7,76.6,19.8,21.6,75,59.5,91.9,6.5,3,0,12,174.1,47,Severe Spike,150
ML-0060,Steel Cut Oatmeal with Berries & Honey,2026-08-25 10:14,Breakfast,51.7,6.6,45.1,9.4,5.6,55,28.4,96.6,7.0,1,15,18,109.1,41,Normal,81
ML-0061,Chipotle Burrito Bowl with Brown Rice & Beans,2026-08-26 00:58,Lunch,80.6,14.9,65.7,43.4,24.8,52,41.9,110.6,7.0,3,10,9,143.3,57,Severe Spike,96
ML-0062,Protein Whey Shake with Almond Milk,2026-08-26 05:18,Breakfast,5.9,2.9,3.0,29.4,4.9,20,1.2,100.0,5.5,1,10,13,108.0,47,Normal,61
ML-0063,Chipotle Burrito Bowl with Brown Rice & Beans,2026-08-26 12:28,Lunch,63.6,11.7,51.9,34.2,19.6,52,33.1,85.9,6.0,2,10,20,114.8,51,Normal,85
ML-0064,Apple Slices with Peanut Butter,2026-08-26 23:29,Snack,22.1,5.1,17.0,6.8,13.6,38,8.4,97.5,6.5,3,0,7,106.9,49,Normal,89
ML-0065,Cheeseburger with French Fries,2026-08-27 05:45,Dinner,93.7,4.6,89.1,34.3,43.4,75,70.3,98.6,6.5,4,0,13,194.0,57,Severe Spike,166
ML-0066,Eggs & Avocado on Whole Grain Toast,2026-08-27 10:29,Breakfast,28.2,9.4,18.8,21.2,23.5,40,11.3,100.0,6.0,4,0,18,117.9,52,Normal,101
ML-0067,Two Slices Pepperoni Pizza,2026-08-28 01:30,Dinner,76.7,3.2,73.5,25.6,32.0,70,53.7,112.0,6.0,2,10,9,172.1,45,Severe Spike,133
ML-0068,Eggs & Avocado on Whole Grain Toast,2026-08-28 04:43,Breakfast,23.6,7.9,15.7,17.7,19.7,40,9.4,100.4,6.5,2,20,12,108.4,49,Normal,69
ML-0069,Steel Cut Oatmeal with Berries & Honey,2026-08-28 10:29,Breakfast,63.9,8.1,55.8,11.6,7.0,55,35.1,95.5,6.5,2,15,18,128.2,41,Elevated,85
ML-0070,Grass-fed Ribeye Steak with Roasted Broccoli,2026-08-28 23:16,Dinner,8.7,5.5,3.2,52.4,34.9,20,1.7,120.2,6.0,2,15,7,128.2,63,Elevated,69
ML-0071,Greek Yogurt with Chia Seeds & Walnuts,2026-08-29 05:18,Breakfast,13.3,5.7,7.6,20.9,17.1,25,3.3,90.6,7.5,3,0,13,98.6,54,Normal,82
ML-0072,Sushi Bento (Spicy Tuna Roll & White Rice),2026-08-29 11:05,Lunch,68.8,1.8,67.0,18.1,10.9,78,53.7,96.1,6.5,3,0,19,175.4,37,Severe Spike,157
ML-0073,Mediterranean Caesar Salad with Grilled Chicken,2026-08-30 00:43,Lunch,13.7,5.7,8.0,43.5,25.2,30,4.1,91.1,8.0,4,0,8,99.1,66,Normal,86
ML-0074,Bag of Potato Chips & Soda,2026-08-30 04:01,Snack,68.9,1.1,67.8,3.4,17.2,85,58.6,102.3,6.5,1,0,12,183.0,36,Severe Spike,125
ML-0075,Lentil Soup with Sourdough Bread,2026-08-30 12:51,Dinner,55.7,11.3,44.4,22.7,8.2,48,26.7,96.3,6.0,2,20,20,106.4,47,Normal,53
ML-0076,Cheeseburger with French Fries,2026-08-30 23:41,Dinner,75.5,3.7,71.8,27.6,35.0,75,56.6,92.4,8.0,2,10,7,153.2,55,Severe Spike,122
ML-0077,Handful of Almonds & Dark Chocolate 85%,2026-08-31 05:24,Snack,10.4,4.1,6.3,6.2,15.6,25,2.6,88.0,7.0,3,0,13,96.0,52,Normal,97
ML-0078,Lentil Soup with Sourdough Bread,2026-08-31 11:22,Dinner,58.0,11.8,46.2,23.6,8.6,48,27.8,95.6,7.0,4,0,19,127.1,46,Elevated,93
ML-0079,Steel Cut Oatmeal with Berries & Honey,2026-09-01 01:47,Breakfast,50.2,6.4,43.8,9.1,5.5,55,27.6,104.5,5.0,2,0,9,154.9,40,Severe Spike,119
ML-0080,Eggs & Avocado on Whole Grain Toast,2026-09-01 04:25,Breakfast,25.7,8.6,17.1,19.3,21.5,40,10.3,104.0,8.0,3,15,12,112.0,51,Normal,62
ML-0081,Tofu Veggie Stir-Fry with Jasmine Rice,2026-09-01 10:59,Dinner,70.6,5.5,65.1,22.1,13.2,72,50.8,102.8,5.5,4,10,19,173.2,44,Severe Spike,132
ML-0082,Protein Whey Shake with Almond Milk,2026-09-02 01:34,Breakfast,7.1,3.5,3.6,35.4,5.9,20,1.4,95.7,7.0,2,15,9,103.7,49,Normal,67
ML-0083,Eggs & Avocado on Whole Grain Toast,2026-09-02 05:50,Breakfast,27.7,9.2,18.5,20.8,23.1,40,11.1,104.8,7.0,2,0,13,112.8,54,Normal,69
ML-0084,Grilled Salmon with Asparagus & Sweet Potato,2026-09-02 10:31,Dinner,30.0,5.6,24.4,39.4,16.9,45,13.5,91.0,5.5,4,15,18,102.7,52,Normal,78
ML-0085,Bag of Potato Chips & Soda,2026-09-03 00:28,Snack,63.0,1.0,62.0,3.1,15.7,85,53.5,97.0,6.0,3,0,8,179.2,40,Severe Spike,144
ML-0086,Pancakes with Maple Syrup & Butter,2026-09-03 04:32,Breakfast,80.8,1.9,78.9,7.6,15.2,80,64.6,97.3,6.5,4,0,12,206.8,40,Severe Spike,185
ML-0087,Bagel with Cream Cheese,2026-09-03 11:35,Breakfast,62.8,1.8,61.0,10.2,12.9,72,45.2,99.0,5.0,4,0,19,179.8,43,Severe Spike,151
ML-0088,Spicy Thai Drunken Noodles (Pad Kee Mao),2026-09-04 01:46,Lunch,91.6,3.1,88.5,22.9,25.0,75,68.7,101.5,6.5,2,0,9,198.1,51,Severe Spike,150
ML-0089,Chipotle Burrito Bowl with Brown Rice & Beans,2026-09-04 04:51,Lunch,70.8,13.1,57.7,38.1,21.8,52,36.8,106.0,5.5,1,15,12,125.5,58,Elevated,80
ML-0090,Turkey & Cheddar Sub Sandwich,2026-09-04 10:31,Lunch,51.1,2.6,48.5,24.7,15.8,68,34.7,95.8,7.0,5,15,18,134.2,45,Elevated,113
ML-0091,Sushi Bento (Spicy Tuna Roll & White Rice),2026-09-05 00:08,Lunch,91.1,2.4,88.7,24.0,14.4,78,71.1,103.7,6.5,3,15,8,195.8,42,Severe Spike,133
ML-0092,Grass-fed Ribeye Steak with Roasted Broccoli,2026-09-05 04:18,Dinner,7.0,4.4,2.6,41.8,27.9,20,1.4,95.8,6.5,5,10,12,103.8,51,Normal,72
ML-0093,Grass-fed Ribeye Steak with Roasted Broccoli,2026-09-05 09:59,Dinner,7.8,4.8,3.0,46.5,31.0,20,1.6,97.7,7.0,4,0,18,105.7,55,Normal,86
ML-0094,Grilled Salmon with Asparagus & Sweet Potato,2026-09-05 23:55,Dinner,36.1,6.8,29.3,47.4,20.3,45,16.2,106.8,5.0,2,10,8,114.8,48,Normal,83
ML-0095,Cheeseburger with French Fries,2026-09-06 04:08,Dinner,83.7,4.1,79.6,30.6,38.8,75,62.8,96.5,6.0,5,0,12,192.4,55,Severe Spike,152
ML-0096,Eggs & Avocado on Whole Grain Toast,2026-09-06 12:31,Breakfast,20.5,6.8,13.7,15.4,17.1,40,8.2,97.8,6.5,2,0,20,105.8,48,Normal,77
ML-0097,Apple Slices with Peanut Butter,2026-09-06 22:53,Snack,24.6,5.7,18.9,7.6,15.1,38,9.3,95.9,6.0,2,0,7,105.5,48,Normal,86
ML-0098,Lentil Soup with Sourdough Bread,2026-09-07 04:16,Dinner,48.6,9.9,38.7,19.8,7.2,48,23.3,101.9,8.0,4,10,12,116.1,42,Normal,80
ML-0099,Spicy Thai Drunken Noodles (Pad Kee Mao),2026-09-07 10:46,Lunch,96.2,3.3,92.9,24.0,26.2,75,72.2,87.0,5.5,2,0,18,192.3,47,Severe Spike,179
ML-0100,Protein Whey Shake with Almond Milk,2026-09-08 00:39,Breakfast,5.6,2.8,2.8,28.1,4.7,20,1.1,115.5,6.5,2,10,8,123.5,45,Elevated,74
ML-0101,Eggs & Avocado on Whole Grain Toast,2026-09-08 05:27,Breakfast,22.6,7.5,15.1,16.9,18.8,40,9.0,99.4,6.5,3,0,13,107.4,49,Normal,87
ML-0102,Mediterranean Caesar Salad with Grilled Chicken,2026-09-08 12:17,Lunch,14.3,6.0,8.3,45.3,26.2,30,4.3,97.5,7.5,3,0,20,105.5,55,Normal,83
ML-0103,Cheeseburger with French Fries,2026-09-09 00:29,Dinner,76.9,3.8,73.1,28.1,35.6,75,57.7,94.4,7.0,2,10,8,157.8,60,Severe Spike,127
ML-0104,Spicy Thai Drunken Noodles (Pad Kee Mao),2026-09-09 05:32,Lunch,94.7,3.2,91.5,23.7,25.8,75,71.0,102.1,7.0,3,20,13,181.8,51,Severe Spike,136
ML-0105,Chipotle Burrito Bowl with Brown Rice & Beans,2026-09-09 10:17,Lunch,79.4,14.7,64.7,42.8,24.4,52,41.3,100.2,5.5,4,30,18,121.1,56,Elevated,69
ML-0106,Turkey & Cheddar Sub Sandwich,2026-09-10 00:24,Lunch,57.1,3.0,54.1,27.6,17.7,68,38.8,93.2,7.0,4,10,8,142.0,46,Severe Spike,111
ML-0107,Lentil Soup with Sourdough Bread,2026-09-10 05:23,Dinner,54.0,11.0,43.0,22.0,8.0,48,25.9,95.3,5.0,2,15,13,112.5,38,Normal,75
ML-0108,Protein Whey Shake with Almond Milk,2026-09-10 10:14,Breakfast,7.3,3.7,3.6,36.7,6.1,20,1.5,94.9,6.0,3,0,18,102.9,38,Normal,90
ML-0109,Cheeseburger with French Fries,2026-09-11 00:06,Dinner,101.6,5.0,96.6,37.2,47.1,75,76.2,100.6,5.0,1,0,8,198.8,68,Severe Spike,163
ML-0110,Bagel with Cream Cheese,2026-09-11 05:26,Breakfast,84.9,2.5,82.4,13.7,17.5,72,61.1,87.9,5.5,3,15,13,164.2,49,Severe Spike,142
ML-0111,Eggs & Avocado on Whole Grain Toast,2026-09-11 10:36,Breakfast,20.7,6.9,13.8,15.5,17.3,40,8.3,101.0,7.0,5,15,18,109.0,42,Normal,66
ML-0112,Pancakes with Maple Syrup & Butter,2026-09-12 01:26,Breakfast,79.5,1.9,77.6,7.5,15.0,80,63.6,98.5,6.0,4,10,9,190.4,43,Severe Spike,153
ML-0113,Grass-fed Ribeye Steak with Roasted Broccoli,2026-09-12 04:38,Dinner,8.5,5.3,3.2,51.0,34.0,20,1.7,101.6,8.0,1,10,12,109.6,57,Normal,79
ML-0114,Mediterranean Caesar Salad with Grilled Chicken,2026-09-12 11:40,Lunch,12.6,5.2,7.4,39.8,23.0,30,3.8,98.9,6.0,3,0,19,106.9,53,Normal,82
ML-0115,Cheeseburger with French Fries,2026-09-13 00:10,Dinner,85.4,4.2,81.2,31.3,39.6,75,64.0,86.9,6.5,4,15,8,163.7,57,Severe Spike,128
ML-0116,Mediterranean Caesar Salad with Grilled Chicken,2026-09-13 04:04,Lunch,14.9,6.2,8.7,47.3,27.4,30,4.5,98.0,6.5,3,10,12,106.0,53,Normal,75
ML-0117,Grilled Salmon with Asparagus & Sweet Potato,2026-09-13 11:25,Dinner,37.8,7.1,30.7,49.6,21.2,45,17.0,88.3,8.0,2,15,19,96.3,52,Normal,71
ML-0118,Eggs & Avocado on Whole Grain Toast,2026-09-14 00:58,Breakfast,26.1,8.7,17.4,19.6,21.8,40,10.4,108.3,6.0,4,20,9,116.3,57,Normal,71
ML-0119,Grass-fed Ribeye Steak with Roasted Broccoli,2026-09-14 03:59,Dinner,8.9,5.6,3.3,53.5,35.7,20,1.8,113.1,7.0,2,0,12,121.1,63,Elevated,72
ML-0120,Cheeseburger with French Fries,2026-09-14 11:04,Dinner,77.8,3.8,74.0,28.5,36.1,75,58.4,90.8,7.0,3,10,19,155.7,62,Severe Spike,129
ML-0121,Protein Whey Shake with Almond Milk,2026-09-14 23:51,Breakfast,6.7,3.3,3.4,33.3,5.6,20,1.3,102.3,5.0,1,0,7,110.3,50,Normal,81
ML-0122,Apple Slices with Peanut Butter,2026-09-15 03:56,Snack,29.7,6.9,22.8,9.2,18.3,38,11.3,98.2,6.5,2,10,12,106.2,50,Normal,71
ML-0123,Greek Yogurt with Chia Seeds & Walnuts,2026-09-15 11:07,Breakfast,16.9,7.3,9.6,26.6,21.8,25,4.2,86.6,6.5,4,0,19,94.6,60,Normal,93
ML-0124,Grass-fed Ribeye Steak with Roasted Broccoli,2026-09-15 23:27,Dinner,9.3,5.8,3.5,55.7,37.1,20,1.9,109.6,6.5,2,10,7,117.6,61,Normal,73
ML-0125,Mediterranean Caesar Salad with Grilled Chicken,2026-09-16 05:46,Lunch,14.4,6.0,8.4,45.5,26.4,30,4.3,103.4,6.0,3,0,13,111.4,58,Normal,82
ML-0126,Bagel with Cream Cheese,2026-09-16 12:29,Breakfast,58.0,1.7,56.3,9.4,12.0,72,41.8,110.0,6.0,2,0,20,181.2,41,Severe Spike,147
ML-0127,Tofu Veggie Stir-Fry with Jasmine Rice,2026-09-17 00:21,Dinner,63.0,4.9,58.1,19.7,11.8,72,45.4,96.2,5.5,3,15,8,154.8,40,Severe Spike,113
ML-0128,Chipotle Burrito Bowl with Brown Rice & Beans,2026-09-17 04:39,Lunch,72.5,13.4,59.1,39.0,22.3,52,37.7,106.5,7.0,3,20,12,124.2,50,Elevated,73
ML-0129,Cheeseburger with French Fries,2026-09-17 10:54,Dinner,73.7,3.6,70.1,27.0,34.2,75,55.3,89.3,5.5,1,0,19,164.4,61,Severe Spike,149
ML-0130,Apple Slices with Peanut Butter,2026-09-17 23:42,Snack,32.1,7.4,24.7,9.9,19.8,38,12.2,104.4,6.0,2,10,7,112.4,48,Normal,77
ML-0131,Grilled Salmon with Asparagus & Sweet Potato,2026-09-18 05:08,Dinner,39.2,7.4,31.8,51.5,22.1,45,17.6,92.9,5.5,3,0,13,111.6,55,Normal,82
ML-0132,Chipotle Burrito Bowl with Brown Rice & Beans,2026-09-18 11:22,Lunch,68.2,12.6,55.6,36.7,21.0,52,35.5,104.7,6.5,1,20,19,117.2,54,Normal,80
ML-0133,Handful of Almonds & Dark Chocolate 85%,2026-09-19 01:08,Snack,11.8,4.7,7.1,7.1,17.7,25,3.0,103.9,6.0,1,10,9,111.9,55,Normal,71
ML-0134,Tofu Veggie Stir-Fry with Jasmine Rice,2026-09-19 04:01,Dinner,56.7,4.4,52.3,17.7,10.6,72,40.8,93.8,6.5,3,20,12,132.1,44,Elevated,92
ML-0135,Grilled Salmon with Asparagus & Sweet Potato,2026-09-19 10:15,Dinner,32.8,6.1,26.7,43.0,18.4,45,14.8,96.9,6.5,1,0,18,104.9,44,Normal,69
ML-0136,Bag of Potato Chips & Soda,2026-09-20 01:21,Snack,61.8,1.0,60.8,3.1,15.4,85,52.5,93.5,5.5,1,10,9,158.4,46,Severe Spike,138
ML-0137,Two Slices Pepperoni Pizza,2026-09-20 03:55,Dinner,76.8,3.2,73.6,25.6,32.0,70,53.8,86.6,6.0,2,10,12,153.0,57,Severe Spike,135
ML-0138,Chipotle Burrito Bowl with Brown Rice & Beans,2026-09-20 10:13,Lunch,60.3,11.1,49.2,32.5,18.6,52,31.4,96.2,7.5,1,20,18,104.2,45,Normal,64
ML-0139,Greek Yogurt with Chia Seeds & Walnuts,2026-09-20 23:44,Breakfast,15.7,6.7,9.0,24.6,20.1,25,3.9,98.4,6.5,1,15,7,106.4,55,Normal,70
ML-0140,Chipotle Burrito Bowl with Brown Rice & Beans,2026-09-21 04:23,Lunch,77.6,14.3,63.3,41.8,23.9,52,40.4,94.2,6.0,3,0,12,141.0,51,Severe Spike,123
ML-0141,Chicken Quinoa Bowl with Spinach,2026-09-21 10:53,Lunch,42.0,8.0,34.0,36.0,14.0,45,18.9,91.0,5.0,3,10,19,107.7,52,Normal,85
ML-0142,Grass-fed Ribeye Steak with Roasted Broccoli,2026-09-22 00:16,Dinner,8.1,5.1,3.0,48.7,32.5,20,1.6,89.3,7.0,2,15,8,97.3,69,Normal,64
ML-0143,Cheeseburger with French Fries,2026-09-22 04:28,Dinner,74.6,3.6,71.0,27.3,34.6,75,56.0,90.0,5.5,4,10,12,163.0,49,Severe Spike,134
ML-0144,Protein Whey Shake with Almond Milk,2026-09-22 12:27,Breakfast,6.6,3.3,3.3,32.8,5.5,20,1.3,87.2,6.0,3,10,20,95.2,42,Normal,87
ML-0145,Chicken Quinoa Bowl with Spinach,2026-09-22 23:41,Lunch,36.0,6.9,29.1,30.8,12.0,45,16.2,105.3,6.5,2,20,7,113.3,42,Normal,73
ML-0146,Protein Whey Shake with Almond Milk,2026-09-23 04:28,Breakfast,5.6,2.8,2.8,27.8,4.6,20,1.1,90.3,6.0,1,10,12,98.3,46,Normal,62
ML-0147,Pancakes with Maple Syrup & Butter,2026-09-23 10:55,Breakfast,90.4,2.1,88.3,8.5,17.0,80,72.3,89.8,6.5,5,15,19,186.6,50,Severe Spike,153
ML-0148,Apple Slices with Peanut Butter,2026-09-24 00:36,Snack,23.0,5.3,17.7,7.1,14.2,38,8.7,98.8,7.0,1,0,8,106.8,53,Normal,80
ML-0149,Sushi Bento (Spicy Tuna Roll & White Rice),2026-09-24 04:08,Lunch,84.8,2.2,82.6,22.3,13.4,78,66.1,94.3,5.5,5,20,12,178.8,46,Severe Spike,136
ML-0150,Bag of Potato Chips & Soda,2026-09-24 11:14,Snack,53.1,0.9,52.2,2.7,13.3,85,45.1,94.3,7.0,3,15,19,149.7,37,Severe Spike,102
ML-0151,Bag of Potato Chips & Soda,2026-09-25 00:19,Snack,56.7,0.9,55.8,2.8,14.2,85,48.2,107.2,6.0,4,20,8,168.8,43,Severe Spike,110
ML-0152,Grass-fed Ribeye Steak with Roasted Broccoli,2026-09-25 05:29,Dinner,8.1,5.0,3.1,48.3,32.2,20,1.6,84.0,6.5,3,15,13,92.0,68,Normal,72
ML-0153,Eggs & Avocado on Whole Grain Toast,2026-09-25 12:44,Breakfast,28.3,9.4,18.9,21.2,23.5,40,11.3,95.0,8.0,3,20,20,103.0,50,Normal,87
ML-0154,Steel Cut Oatmeal with Berries & Honey,2026-09-26 01:06,Breakfast,49.8,6.3,43.5,9.1,5.4,55,27.4,100.0,7.0,3,0,9,139.5,44,Elevated,83
ML-0155,Grass-fed Ribeye Steak with Roasted Broccoli,2026-09-26 05:37,Dinner,8.6,5.3,3.3,51.4,34.2,20,1.7,97.5,6.0,2,0,13,105.5,64,Normal,76
ML-0156,Chipotle Burrito Bowl with Brown Rice & Beans,2026-09-26 10:54,Lunch,72.2,13.3,58.9,38.9,22.2,52,37.5,96.5,5.0,5,0,19,153.9,48,Severe Spike,123
ML-0157,Mediterranean Caesar Salad with Grilled Chicken,2026-09-27 00:38,Lunch,10.7,4.5,6.2,33.8,19.6,30,3.2,95.3,6.5,5,15,8,103.3,46,Normal,77
ML-0158,Apple Slices with Peanut Butter,2026-09-27 05:30,Snack,26.5,6.1,20.4,8.2,16.3,38,10.1,88.4,6.0,2,15,13,96.4,53,Normal,76
ML-0159,Bagel with Cream Cheese,2026-09-27 11:19,Breakfast,69.2,2.0,67.2,11.2,14.2,72,49.8,100.7,6.5,1,10,19,167.6,46,Severe Spike,123
ML-0160,Grilled Salmon with Asparagus & Sweet Potato,2026-09-27 23:45,Dinner,37.5,7.0,30.5,49.2,21.1,45,16.9,97.9,5.5,2,10,7,105.9,46,Normal,74
ML-0161,Apple Slices with Peanut Butter,2026-09-28 05:10,Snack,27.1,6.2,20.9,8.3,16.6,38,10.3,88.4,6.0,3,20,13,96.4,54,Normal,57
ML-0162,Tofu Veggie Stir-Fry with Jasmine Rice,2026-09-28 10:25,Dinner,75.9,5.9,70.0,23.7,14.2,72,54.6,113.1,6.5,4,10,18,180.0,40,Severe Spike,129
ML-0163,Grilled Salmon with Asparagus & Sweet Potato,2026-09-29 00:57,Dinner,36.6,6.9,29.7,48.1,20.6,45,16.5,112.1,5.0,1,15,9,120.1,47,Elevated,81
ML-0164,Two Slices Pepperoni Pizza,2026-09-29 05:03,Dinner,89.2,3.7,85.5,29.7,37.1,70,62.4,90.5,6.5,4,0,13,174.6,54,Severe Spike,150
ML-0165,Tofu Veggie Stir-Fry with Jasmine Rice,2026-09-29 10:23,Dinner,74.4,5.8,68.6,23.3,14.0,72,53.6,92.0,5.0,5,10,18,166.5,41,Severe Spike,140
ML-0166,Greek Yogurt with Chia Seeds & Walnuts,2026-09-30 01:32,Breakfast,12.5,5.4,7.1,19.7,16.1,25,3.1,103.8,6.5,3,0,9,111.8,48,Normal,84
ML-0167,Spicy Thai Drunken Noodles (Pad Kee Mao),2026-09-30 04:06,Lunch,90.3,3.1,87.2,22.6,24.6,75,67.7,102.1,5.5,1,0,12,198.5,50,Severe Spike,168
ML-0168,Eggs & Avocado on Whole Grain Toast,2026-09-30 11:24,Breakfast,23.4,7.8,15.6,17.6,19.5,40,9.4,95.6,6.5,3,0,19,103.6,46,Normal,84
ML-0169,Chipotle Burrito Bowl with Brown Rice & Beans,2026-10-01 00:14,Lunch,80.9,14.9,66.0,43.5,24.9,52,42.1,97.3,6.5,4,0,8,145.2,57,Severe Spike,118
ML-0170,Grilled Salmon with Asparagus & Sweet Potato,2026-10-01 05:35,Dinner,36.9,6.9,30.0,48.4,20.8,45,16.6,102.6,5.5,1,0,13,118.1,55,Normal,91
ML-0171,Protein Whey Shake with Almond Milk,2026-10-01 12:00,Breakfast,6.2,3.1,3.1,31.0,5.2,20,1.2,96.5,7.0,2,10,20,104.5,48,Normal,86
ML-0172,Bagel with Cream Cheese,2026-10-01 23:40,Breakfast,79.1,2.3,76.8,12.8,16.3,72,57.0,97.1,7.0,1,15,7,162.3,38,Severe Spike,113
ML-0173,Handful of Almonds & Dark Chocolate 85%,2026-10-02 04:47,Snack,10.4,4.2,6.2,6.2,15.6,25,2.6,90.5,6.0,3,15,12,98.5,49,Normal,67
ML-0174,Pancakes with Maple Syrup & Butter,2026-10-02 10:46,Breakfast,95.9,2.3,93.6,9.0,18.1,80,76.7,106.2,5.0,3,10,18,216.4,42,Severe Spike,168
ML-0175,Tofu Veggie Stir-Fry with Jasmine Rice,2026-10-03 00:47,Dinner,72.4,5.7,66.7,22.6,13.6,72,52.1,97.9,6.5,3,0,8,167.6,47,Severe Spike,126
ML-0176,Handful of Almonds & Dark Chocolate 85%,2026-10-03 05:16,Snack,9.8,3.9,5.9,5.9,14.8,25,2.5,102.9,7.0,2,0,13,110.9,48,Normal,75
ML-0177,Steel Cut Oatmeal with Berries & Honey,2026-10-03 11:44,Breakfast,48.1,6.1,42.0,8.8,5.3,55,26.5,102.3,6.5,2,0,19,142.6,40,Severe Spike,129
ML-0178,Grass-fed Ribeye Steak with Roasted Broccoli,2026-10-04 01:07,Dinner,8.1,5.1,3.0,48.7,32.4,20,1.6,95.4,6.5,3,0,9,103.4,56,Normal,73
ML-0179,Grilled Salmon with Asparagus & Sweet Potato,2026-10-04 04:41,Dinner,34.7,6.5,28.2,45.5,19.5,45,15.6,109.8,7.5,3,0,12,122.3,48,Elevated,90
ML-0180,Protein Whey Shake with Almond Milk,2026-10-04 10:29,Breakfast,6.3,3.1,3.2,31.3,5.2,20,1.3,102.9,6.5,3,0,18,110.9,44,Normal,74
